{
  "openapi": "3.0.1",
  "info": {
    "title": "OpenAPI definition",
    "version": "v0"
  },
  "servers": [
    {
      "url": "http://localhost:8081/odontologos/registrar",
      "description": "Generated server url"
    }
  ],
  "paths": {
    "/odontologo/actualizar": {
      "put": {
        "tags": [
          "odontologo-controller"
        ],
        "summary": "Actualización de un odontologo",
        "operationId": "actualizarOdontologo",
        "requestBody": {
          "content": {
            "application/json": {
              "schema": {
                "$ref": "#/components/schemas/OdontologoModificacionEntradaDto"
              }
            }
          },
          "required": true
        },
        "responses": {
          "404": {
            "description": "Odontólogo no encontrado",
            "content": {}
          },
          "400": {
            "description": "Bad Request",
            "content": {}
          },
          "500": {
            "description": "Server error"
          },
          "200": {
            "description": "Odontólogo actualizado correctamente",
            "content": {
              "application/json": {
                "schema": {
                  "$ref": "#/components/schemas/OdontologoSalidaDto"
                }
              }
            }
          }
        }
      }
    },
    "/odontologos/actualizar": {
      "put": {
        "tags": [
          "odontologo-controller"
        ],
        "summary": "Actualización de un odontologo",
        "operationId": "actualizarOdontologo",
        "requestBody": {
          "content": {
            "application/json": {
              "schema": {
                "$ref": "#/components/schemas/OdontologoModificacionEntradaDto"
              }
            }
          },
          "required": true
        },
        "responses": {
          "404": {
            "description": "Odontólogo no encontrado",
            "content": {}
          },
          "400": {
            "description": "Bad Request",
            "content": {}
          },
          "200": {
            "description": "Odontólogo actualizado correctamente",
            "content": {
              "application/json": {
                "schema": {
                  "$ref": "#/components/schemas/OdontologoSalidaDto"
                }
              }
            }
          },
          "500": {
            "description": "Server error"
          }
        }
      }
    },
    "/turnos/registrar": {
      "post": {
        "tags": [
          "turno-controller"
        ],
        "summary": "Registro de un nuevo turno",
        "operationId": "resgistrarTurno",
        "requestBody": {
          "content": {
            "application/json": {
              "schema": {
                "$ref": "#/components/schemas/TurnoEntradaDto"
              }
            }
          },
          "required": true
        },
        "responses": {
          "404": {
            "description": "Not Found",
            "content": {
              "*/*": {
                "schema": {
                  "type": "object",
                  "additionalProperties": {
                    "type": "string"
                  }
                }
              }
            }
          },
          "400": {
            "description": "Bad Request",
            "content": {}
          },
          "500": {
            "description": "Server error"
          },
          "201": {
            "description": "Turno guardado correctamente",
            "content": {
              "application/json": {
                "schema": {
                  "$ref": "#/components/schemas/TurnoSalidaDto"
                }
              }
            }
          }
        }
      }
    },
    "/turnos/actualizar": {
      "post": {
        "tags": [
          "turno-controller"
        ],
        "summary": "Actualización de un turno",
        "operationId": "actualizarTurno",
        "requestBody": {
          "content": {
            "application/json": {
              "schema": {
                "$ref": "#/components/schemas/TurnoModificacionEntradaDto"
              }
            }
          },
          "required": true
        },
        "responses": {
          "404": {
            "description": "Turno no encontrado",
            "content": {}
          },
          "400": {
            "description": "Bad Request",
            "content": {}
          },
          "500": {
            "description": "Server error"
          },
          "200": {
            "description": "Turno actualizado correctamente",
            "content": {
              "application/json": {
                "schema": {
                  "$ref": "#/components/schemas/TurnoSalidaDto"
                }
              }
            }
          }
        }
      }
    },
    "/pacientes/registrar": {
      "post": {
        "tags": [
          "paciente-controller"
        ],
        "summary": "Registro de un nuevo paciente",
        "operationId": "registrarPaciente",
        "requestBody": {
          "content": {
            "application/json": {
              "schema": {
                "$ref": "#/components/schemas/PacienteEntradaDto"
              }
            }
          },
          "required": true
        },
        "responses": {
          "404": {
            "description": "Not Found",
            "content": {
              "*/*": {
                "schema": {
                  "type": "object",
                  "additionalProperties": {
                    "type": "string"
                  }
                }
              }
            }
          },
          "400": {
            "description": "Bad Request",
            "content": {}
          },
          "500": {
            "description": "Server error"
          },
          "201": {
            "description": "Paciente guardado correctamente",
            "content": {
              "application/json": {
                "schema": {
                  "$ref": "#/components/schemas/PacienteSalidaDto"
                }
              }
            }
          }
        }
      }
    },
    "/odontologos/registrar": {
      "post": {
        "tags": [
          "odontologo-controller"
        ],
        "summary": "Registro de un nuevo odontólogo",
        "operationId": "registrarOdontologo",
        "requestBody": {
          "content": {
            "application/json": {
              "schema": {
                "$ref": "#/components/schemas/OdontologoEntradaDto"
              }
            }
          },
          "required": true
        },
        "responses": {
          "404": {
            "description": "Not Found",
            "content": {
              "*/*": {
                "schema": {
                  "type": "object",
                  "additionalProperties": {
                    "type": "string"
                  }
                }
              }
            }
          },
          "400": {
            "description": "Bad Request",
            "content": {}
          },
          "500": {
            "description": "Server error"
          },
          "201": {
            "description": "Odontólogo guardado correctamente",
            "content": {
              "application/json": {
                "schema": {
                  "$ref": "#/components/schemas/OdontologoSalidaDto"
                }
              }
            }
          }
        }
      }
    },
    "/turnos": {
      "get": {
        "tags": [
          "turno-controller"
        ],
        "summary": "Listado de todos los turno",
        "operationId": "listarTurnos",
        "responses": {
          "404": {
            "description": "Book not found",
            "content": {}
          },
          "400": {
            "description": "Bad request",
            "content": {}
          },
          "200": {
            "description": "Listado de turno obtenido correspondiente",
            "content": {
              "application/json": {
                "schema": {
                  "$ref": "#/components/schemas/TurnoSalidaDto"
                }
              }
            }
          }
        }
      }
    },
    "/turnos/{id}": {
      "get": {
        "tags": [
          "turno-controller"
        ],
        "summary": "Búsqueda de un turno por Id",
        "operationId": "obtenerTurnoPorId",
        "parameters": [
          {
            "name": "id",
            "in": "path",
            "required": true,
            "schema": {
              "type": "integer",
              "format": "int64"
            }
          }
        ],
        "responses": {
          "404": {
            "description": "Turno no encontrado",
            "content": {}
          },
          "400": {
            "description": "Id inválido",
            "content": {}
          },
          "200": {
            "description": "Turno obtenido correctamente",
            "content": {
              "application/json": {
                "schema": {
                  "$ref": "#/components/schemas/TurnoSalidaDto"
                }
              }
            }
          },
          "500": {
            "description": "Server error"
          }
        }
      }
    },
    "/pacientes": {
      "get": {
        "tags": [
          "paciente-controller"
        ],
        "summary": "Listado de todos los Paciente",
        "operationId": "listarPacientes",
        "responses": {
          "404": {
            "description": "Book not found",
            "content": {}
          },
          "400": {
            "description": "Bad request",
            "content": {}
          },
          "200": {
            "description": "Listado de paciente obtenido correspondiente",
            "content": {
              "application/json": {
                "schema": {
                  "$ref": "#/components/schemas/PacienteSalidaDto"
                }
              }
            }
          }
        }
      }
    },
    "/pacientes/{id}": {
      "get": {
        "tags": [
          "paciente-controller"
        ],
        "summary": "Búsqueda de un paciente por Id",
        "operationId": "obtenerPacientePorId",
        "parameters": [
          {
            "name": "id",
            "in": "path",
            "required": true,
            "schema": {
              "type": "integer",
              "format": "int64"
            }
          }
        ],
        "responses": {
          "404": {
            "description": "Paciente no encontrado",
            "content": {}
          },
          "400": {
            "description": "Id inválido",
            "content": {}
          },
          "500": {
            "description": "Server error"
          },
          "200": {
            "description": "Paciente obtenido correctamente",
            "content": {
              "application/json": {
                "schema": {
                  "$ref": "#/components/schemas/PacienteSalidaDto"
                }
              }
            }
          }
        }
      }
    },
    "/odontologos": {
      "get": {
        "tags": [
          "odontologo-controller"
        ],
        "summary": "Listado de todos los odontologos",
        "operationId": "listarOdontologos",
        "responses": {
          "404": {
            "description": "Book not found",
            "content": {}
          },
          "400": {
            "description": "Bad request",
            "content": {}
          },
          "200": {
            "description": "Listado de odontologos obtenido correspondiente",
            "content": {
              "application/json": {
                "schema": {
                  "$ref": "#/components/schemas/OdontologoSalidaDto"
                }
              }
            }
          }
        }
      }
    },
    "/odontologos/{id}": {
      "get": {
        "tags": [
          "odontologo-controller"
        ],
        "summary": "Búsqueda de un odontólogo por Id",
        "operationId": "obtenerOdontologoPorId",
        "parameters": [
          {
            "name": "id",
            "in": "path",
            "required": true,
            "schema": {
              "type": "integer",
              "format": "int64"
            }
          }
        ],
        "responses": {
          "404": {
            "description": "Odontólogo no encontrado",
            "content": {}
          },
          "400": {
            "description": "Id inválido",
            "content": {}
          },
          "500": {
            "description": "Server error"
          },
          "200": {
            "description": "Odontólogo obtenido correctamente",
            "content": {
              "application/json": {
                "schema": {
                  "$ref": "#/components/schemas/OdontologoSalidaDto"
                }
              }
            }
          }
        }
      }
    },
    "/turnos/eliminar/{id}": {
      "delete": {
        "tags": [
          "turno-controller"
        ],
        "summary": "Eliminación de un turno por Id",
        "operationId": "eliminarTurno",
        "parameters": [
          {
            "name": "id",
            "in": "path",
            "required": true,
            "schema": {
              "type": "integer",
              "format": "int64"
            }
          }
        ],
        "responses": {
          "404": {
            "description": "Turno no encontrado",
            "content": {}
          },
          "400": {
            "description": "Id inválido",
            "content": {}
          },
          "500": {
            "description": "Server error"
          },
          "204": {
            "description": "Turno eliminado correctamente",
            "content": {
              "application/json": {
                "schema": {
                  "type": "string"
                }
              }
            }
          }
        }
      }
    },
    "/pacientes/eliminar/{id}": {
      "delete": {
        "tags": [
          "paciente-controller"
        ],
        "summary": "Eliminación de un paciente por Id",
        "operationId": "eliminarPaciente",
        "parameters": [
          {
            "name": "id",
            "in": "path",
            "required": true,
            "schema": {
              "type": "integer",
              "format": "int64"
            }
          }
        ],
        "responses": {
          "404": {
            "description": "Paciente no encontrado",
            "content": {}
          },
          "400": {
            "description": "Id inválido",
            "content": {}
          },
          "500": {
            "description": "Server error"
          },
          "204": {
            "description": "Paciente eliminado correctamente",
            "content": {
              "application/json": {
                "schema": {
                  "type": "string"
                }
              }
            }
          }
        }
      }
    },
    "/odontologos/eliminar/{id}": {
      "delete": {
        "tags": [
          "odontologo-controller"
        ],
        "summary": "Eliminación de un odontologo por Id",
        "operationId": "eliminarOdontologo",
        "parameters": [
          {
            "name": "id",
            "in": "path",
            "required": true,
            "schema": {
              "type": "integer",
              "format": "int64"
            }
          }
        ],
        "responses": {
          "404": {
            "description": "Odontólogo no encontrado",
            "content": {}
          },
          "400": {
            "description": "Id inválido",
            "content": {}
          },
          "500": {
            "description": "Server error"
          },
          "204": {
            "description": "Odontólogo eliminado correctamente",
            "content": {
              "application/json": {
                "schema": {
                  "type": "string"
                }
              }
            }
          }
        }
      }
    }
  },
  "components": {
    "schemas": {
      "DomicilioModificacionEntradaDto": {
        "required": [
          "calle",
          "id",
          "localidad",
          "numero",
          "provincia"
        ],
        "type": "object",
        "properties": {
          "id": {
            "type": "integer",
            "format": "int64"
          },
          "calle": {
            "type": "string"
          },
          "numero": {
            "type": "integer",
            "format": "int32"
          },
          "localidad": {
            "type": "string"
          },
          "provincia": {
            "type": "string"
          }
        }
      },
      "PacienteModificacionEntradaDto": {
        "required": [
          "apellido",
          "dni",
          "domicilio",
          "fechaIngreso",
          "id",
          "nombre"
        ],
        "type": "object",
        "properties": {
          "id": {
            "type": "integer",
            "format": "int64"
          },
          "nombre": {
            "type": "string"
          },
          "apellido": {
            "type": "string"
          },
          "dni": {
            "type": "integer",
            "format": "int32"
          },
          "fechaIngreso": {
            "type": "string",
            "format": "date"
          },
          "domicilio": {
            "$ref": "#/components/schemas/DomicilioModificacionEntradaDto"
          }
        }
      },
      "DomicilioSalidaDto": {
        "type": "object",
        "properties": {
          "id": {
            "type": "integer",
            "format": "int64"
          },
          "calle": {
            "type": "string"
          },
          "numero": {
            "type": "integer",
            "format": "int32"
          },
          "localidad": {
            "type": "string"
          },
          "provincia": {
            "type": "string"
          }
        }
      },
      "PacienteSalidaDto": {
        "type": "object",
        "properties": {
          "id": {
            "type": "integer",
            "format": "int64"
          },
          "nombre": {
            "type": "string"
          },
          "apellido": {
            "type": "string"
          },
          "dni": {
            "type": "string"
          },
          "fechaIngreso": {
            "type": "string",
            "format": "date"
          },
          "domicilio": {
            "$ref": "#/components/schemas/DomicilioSalidaDto"
          }
        }
      },
      "OdontologoModificacionEntradaDto": {
        "required": [
          "apellido",
          "id",
          "matricula",
          "nombre"
        ],
        "type": "object",
        "properties": {
          "id": {
            "type": "integer",
            "format": "int64"
          },
          "matricula": {
            "type": "string"
          },
          "nombre": {
            "type": "string"
          },
          "apellido": {
            "type": "string"
          }
        }
      },
      "OdontologoSalidaDto": {
        "type": "object",
        "properties": {
          "id": {
            "type": "integer",
            "format": "int64"
          },
          "matricula": {
            "type": "string"
          },
          "nombre": {
            "type": "string"
          },
          "apellido": {
            "type": "string"
          }
        }
      },
      "TurnoEntradaDto": {
        "required": [
          "fechaYHora",
          "odontologoId",
          "pacienteId"
        ],
        "type": "object",
        "properties": {
          "pacienteId": {
            "type": "integer",
            "format": "int64"
          },
          "odontologoId": {
            "type": "integer",
            "format": "int64"
          },
          "fechaYHora": {
            "type": "string",
            "format": "date-time"
          }
        }
      },
      "OdontologoTurnoSalidaDto": {
        "type": "object",
        "properties": {
          "id": {
            "type": "integer",
            "format": "int64"
          },
          "nombre": {
            "type": "string"
          },
          "apellido": {
            "type": "string"
          }
        }
      },
      "PacienteTurnoSalidaDto": {
        "type": "object",
        "properties": {
          "id": {
            "type": "integer",
            "format": "int32"
          },
          "nombre": {
            "type": "string"
          },
          "apellido": {
            "type": "string"
          }
        }
      },
      "TurnoSalidaDto": {
        "type": "object",
        "properties": {
          "id": {
            "type": "integer",
            "format": "int32"
          },
          "pacienteTurnoSalidaDto": {
            "$ref": "#/components/schemas/PacienteTurnoSalidaDto"
          },
          "odontologoTurnoSalidaDto": {
            "$ref": "#/components/schemas/OdontologoTurnoSalidaDto"
          },
          "fechaYHora": {
            "type": "string",
            "format": "date-time"
          }
        }
      },
      "TurnoModificacionEntradaDto": {
        "required": [
          "fechaYHora",
          "id",
          "odontologo",
          "paciente"
        ],
        "type": "object",
        "properties": {
          "id": {
            "type": "integer",
            "format": "int64"
          },
          "odontologo": {
            "$ref": "#/components/schemas/OdontologoModificacionEntradaDto"
          },
          "paciente": {
            "$ref": "#/components/schemas/PacienteModificacionEntradaDto"
          },
          "fechaYHora": {
            "type": "string",
            "format": "date-time"
          }
        }
      },
      "DomicilioEntradaDto": {
        "required": [
          "calle",
          "localidad",
          "numero",
          "provincia"
        ],
        "type": "object",
        "properties": {
          "calle": {
            "type": "string"
          },
          "numero": {
            "type": "integer",
            "format": "int32"
          },
          "localidad": {
            "type": "string"
          },
          "provincia": {
            "type": "string"
          }
        }
      },
      "PacienteEntradaDto": {
        "required": [
          "apellido",
          "dni",
          "domicilio",
          "fechaIngreso",
          "nombre"
        ],
        "type": "object",
        "properties": {
          "nombre": {
            "maxLength": 50,
            "minLength": 2,
            "type": "string"
          },
          "apellido": {
            "maxLength": 50,
            "minLength": 0,
            "type": "string"
          },
          "dni": {
            "type": "integer",
            "format": "int32"
          },
          "fechaIngreso": {
            "type": "string",
            "format": "date"
          },
          "domicilio": {
            "$ref": "#/components/schemas/DomicilioEntradaDto"
          }
        }
      },
      "OdontologoEntradaDto": {
        "required": [
          "apellido",
          "matricula",
          "nombre"
        ],
        "type": "object",
        "properties": {
          "matricula": {
            "maxLength": 2147483647,
            "minLength": 10,
            "pattern": "^[A-Z]{2}-\\d{1,3}\\d*$",
            "type": "string"
          },
          "nombre": {
            "maxLength": 50,
            "minLength": 0,
            "type": "string"
          },
          "apellido": {
            "maxLength": 50,
            "minLength": 0,
            "type": "string"
          }
        }
      }
    }
  }
}